f1,f2,f3,f4,f5,f6,f7,f8,f9,f10,f11,f12,f13,f14,f15,f16,f17,f18,f19,f20,f21,f22,f23,f24,f25,f26,f27,f28,f29,f30,f31,f32,f33,f34
0.022008708,0.9901158,0.0006084943,0.21058106,0.18850899,0.002667869,0.002095458,0.9883868,0.040258545,0.017228149,0.08481252,0.9024254,0.07418508,0.0071910303,0.03522503,0.7529963,0.32430625,0.021474859,0.99267524,0.024251617,0.80997616,0.45219794,0.029480597,0.006133713,0.5768953,0.6211499,0.3721413,0.0026076015,0.23730929,0.0089674005,0.8983239,0.29059032,0.0015747644,0.0004216402
0.9793773,0.014287902,0.017244797,0.9454142,0.14212663,0.001325531,0.007512344,0.54669654,0.02045256,0.0023449622,0.030987062,0.9603029,0.020360848,0.002643504,0.0045106513,0.48943856,0.0135465935,0.002054297,0.008324166,0.5045736,0.012576833,0.0063235266,0.0016461954,0.0018065915,0.007313699,0.0007055098,9.45265e-05,1.1747924e-06,0.007968664,0.009653959,0.03631975,0.23653564,0.07493688,0.00744116
0.6389715,0.4657534,0.044585206,0.14460395,0.8421684,0.04126096,0.08165878,0.84591144,0.4567559,0.6249839,0.29947552,0.43414405,0.27436006,0.07253123,0.02987679,0.7312008,0.1382325,0.105443284,0.272083,0.70523816,0.087177165,0.24128467,0.57997614,0.41413978,0.41255152,0.008357367,0.00072521024,0.00027686363,0.109162524,0.29317474,0.08569121,0.559098,0.49036613,0.15542455
0.26859906,0.79947805,0.0137389675,0.045565303,0.29649755,0.7439648,0.41688797,0.5446381,0.038459606,0.06332501,0.21813229,0.8454373,0.34220684,0.12052195,0.5097481,0.35092312,0.34196183,0.17754988,0.7052129,0.1587792,0.327979,0.30987844,0.21880189,0.034720127,0.426061,0.06605378,0.01593742,0.0015784116,0.29450095,0.21500519,0.5474165,0.1817916,0.02551153,0.010585356
0.659315,0.3573359,0.015059488,0.8182186,0.4000255,0.0021492613,0.0035755306,0.9315721,0.070733756,0.043763917,0.18913877,0.82874197,0.037546612,0.016124405,0.03359131,0.80371445,0.17947744,0.011901148,0.67981905,0.34273097,0.5514926,0.26198986,0.049022637,0.1104166,0.25437233,0.13813986,0.020984733,0.00054545206,0.35296842,0.08705414,0.5881683,0.39238337,0.042889394,0.0104277665
0.8560742,0.17504773,0.0064534694,0.041885663,0.9169622,0.084877536,0.087454505,0.73177123,0.03494202,0.02917379,0.18495244,0.8647113,0.22739582,0.0462002,0.07383118,0.49497625,0.23185089,0.11687202,0.31564683,0.4814087,0.16221528,0.22683764,0.2171747,0.052202914,0.39419878,0.010067498,0.0016451707,0.0001278028,0.13826951,0.07937375,0.22688366,0.46480227,0.12713373,0.01699799
0.8407054,0.162683,0.06535649,0.62262696,0.62302995,0.008132406,0.03883131,0.8285611,0.8877176,0.07003349,0.113057055,0.5412559,0.23195405,0.027913354,0.019294905,0.84078074,0.03962333,0.004165837,0.07974554,0.67915195,0.053410567,0.060722694,0.0533356,0.055279467,0.10183192,0.028361822,0.0031128353,1.1190475e-05,0.04126971,0.026029713,0.112813234,0.6669539,0.29977417,0.047356438
0.49527982,0.5520353,0.008228658,0.26117212,0.7311484,0.004636861,0.0067606573,0.95221335,0.032787193,0.035626974,0.17401011,0.85627705,0.09187306,0.009240518,0.025056276,0.81705475,0.2038877,0.016496243,0.7508221,0.38419393,0.5643857,0.30223316,0.09082662,0.061317887,0.38941383,0.036639236,0.0018606413,6.8950205e-05,0.456889,0.036155634,0.59230465,0.5028993,0.024105491,0.0020581374
0.5381503,0.3788191,0.4040525,0.24472976,0.5638059,0.06374683,0.058596354,0.68038046,0.093588345,0.18455383,0.27978492,0.7139635,0.07037387,0.03130104,0.12658346,0.61045414,0.119970664,0.025410164,0.2446599,0.39193785,0.13974959,0.09646807,0.08883767,0.039436847,0.073142976,0.01867807,0.003046508,0.00062397117,0.28039125,0.52091736,0.43266663,0.13515705,0.039546683,0.01866123
0.96759516,0.030466896,0.00994006,0.047489114,0.9552539,0.014976573,0.06381815,0.6693526,0.10431088,0.0061584446,0.06648181,0.8990818,0.23620147,0.010177499,0.012355852,0.66167825,0.033197112,0.0067607956,0.030060228,0.6511071,0.03524822,0.024860743,0.019242356,0.0048157615,0.04085757,0.0019407951,0.0006898505,3.006712e-05,0.027734738,0.008162843,0.071307234,0.51091456,0.15790908,0.013940921
0.9528836,0.040694304,0.012959848,0.9513959,0.13596344,0.0028614795,0.010997813,0.6174721,0.014122566,0.00579722,0.05738893,0.95329946,0.033824526,0.008755182,0.010595794,0.4288038,0.05545435,0.017795144,0.046767987,0.44070032,0.058132056,0.031864826,0.0071183145,0.009224188,0.039354596,0.004598759,0.0011357735,5.4318672e-05,0.025000123,0.017499134,0.07832497,0.32576263,0.12027368,0.019407066
0.93252367,0.057335235,0.018524742,0.95732194,0.12040531,0.0021203565,0.00982106,0.6615706,0.017500388,0.0075175688,0.05868179,0.94986486,0.035072487,0.007834455,0.01027454,0.53260005,0.046494428,0.010321468,0.063398615,0.41180173,0.10173053,0.028818851,0.0044600936,0.00878676,0.025254684,0.009804122,0.005046331,0.00059934246,0.038719535,0.01536946,0.113289244,0.29550824,0.101106904,0.02453479
0.98534226,0.0127243735,0.012169093,0.07679738,0.9113759,0.02766394,0.07372581,0.41812217,0.048670866,0.008362613,0.078387894,0.91409504,0.100735836,0.016241957,0.024102984,0.47649583,0.026856741,0.008400905,0.014466223,0.5666413,0.016006637,0.014766152,0.0146434335,0.0050322968,0.017289089,0.0013603099,0.0011424272,0.000120131095,0.014077903,0.048500646,0.047443822,0.21927108,0.17682186,0.046076678
0.96786535,0.029373769,0.013288604,0.77110314,0.4887081,0.0037930897,0.018646356,0.6536074,0.07058864,0.010150706,0.067032486,0.90893114,0.06972272,0.010969748,0.010077216,0.614197,0.034605406,0.0072756647,0.033275675,0.5830784,0.048139296,0.026728068,0.010400547,0.01351447,0.032128356,0.004750053,0.0016777752,8.724422e-05,0.024911877,0.017105782,0.06460738,0.40561232,0.20421866,0.037146036
0.37367907,0.65148854,0.020883786,0.50225586,0.3883509,0.008876853,0.007850401,0.9093899,0.03226142,0.05644736,0.21821237,0.8536525,0.044191487,0.023040747,0.08605646,0.70252913,0.25494558,0.02754574,0.8402572,0.17089629,0.63588524,0.29601353,0.05389497,0.053966343,0.24671434,0.23249125,0.10261482,0.00959888,0.4254614,0.16737565,0.74909145,0.20936179,0.01688089,0.008727557
0.93559027,0.064534046,0.019279376,0.055273604,0.7624965,0.16752712,0.40137938,0.32887128,0.045970958,0.009003424,0.05344483,0.925649,0.44381493,0.019647513,0.024879744,0.3480196,0.038593464,0.04171003,0.014069612,0.5978681,0.014964402,0.01746403,0.025064038,0.0024679385,0.036332715,0.0006014179,0.00025081704,6.138005e-05,0.014389536,0.007905515,0.029019548,0.42615616,0.2146995,0.022897692
0.7255151,0.34922612,0.0053485855,0.017473567,0.27326447,0.8994664,0.8294955,0.18713498,0.038107622,0.0115377875,0.06395841,0.9221099,0.6044191,0.04819258,0.24775895,0.26351866,0.057817355,0.038990404,0.056330286,0.3210224,0.027662592,0.03228477,0.04671268,0.0028979876,0.074417464,0.0012382347,0.00021251357,1.9064466e-05,0.03367412,0.022863943,0.07470197,0.19985503,0.053317346,0.007787323
0.2004143,0.8686271,0.001884495,0.54131854,0.32135493,0.0024776678,0.0028506902,0.975998,0.06678517,0.022355905,0.1286847,0.86377895,0.07098673,0.011723825,0.032705665,0.79901063,0.28626344,0.01839535,0.94869417,0.13302074,0.7251212,0.43922666,0.057281088,0.041646533,0.56587946,0.32121935,0.048258286,0.00024238763,0.32681277,0.018772542,0.7700619,0.47934794,0.010883232,0.0016028694
0.5983535,0.49785712,0.0054217284,0.020847334,0.109973885,0.9097116,0.92019016,0.1392828,0.027974986,0.006141482,0.02783229,0.9557968,0.7857468,0.024922274,0.12847477,0.24974197,0.02678776,0.026245981,0.029034674,0.28213525,0.022020048,0.011023569,0.010762197,0.00047312427,0.023295868,0.00070784934,0.0003521575,0.000155393,0.017302886,0.0026385416,0.04136521,0.21784595,0.047181223,0.0064080763
0.25114062,0.8627242,0.0012801168,0.018585801,0.8664071,0.046394385,0.039872896,0.9465282,0.07035866,0.04339786,0.14361748,0.81271684,0.3558666,0.026685864,0.03679306,0.56088895,0.38213265,0.21536584,0.8485093,0.26853547,0.23666185,0.48791334,0.4531835,0.039592706,0.8409508,0.017660117,0.00057626754,4.2902902e-06,0.119256034,0.020349115,0.3455782,0.67379665,0.043337975,0.0018378856
0.9843597,0.013029122,0.009733071,0.06744192,0.87282956,0.04317488,0.0862773,0.35045496,0.016993035,0.0043710223,0.067223035,0.9465576,0.08917262,0.012954531,0.029105354,0.36410487,0.030484207,0.011151141,0.013604829,0.5005633,0.013853202,0.0133368075,0.011798724,0.0025701602,0.017139785,0.00074278313,0.00043117668,3.7232978e-05,0.013517923,0.042377967,0.049778625,0.17722179,0.10650218,0.020674929
0.938765,0.054618515,0.020747468,0.9683446,0.12153979,0.0028199847,0.012207505,0.68212396,0.054805953,0.013050299,0.07376329,0.91279083,0.046583675,0.0119435275,0.012882604,0.6098352,0.049828086,0.009191327,0.061065666,0.5224371,0.098742284,0.041082274,0.009260166,0.024836011,0.043536488,0.011639569,0.0026332652,0.00012278237,0.046781,0.020863215,0.102573715,0.39936283,0.16644615,0.033477742
0.9881585,0.00971503,0.007429097,0.36669368,0.78568375,0.0048354184,0.010395734,0.5306968,0.011073946,0.0069973115,0.08802717,0.94294,0.017589567,0.009990137,0.017529534,0.4273772,0.03568395,0.00812371,0.026816193,0.44292125,0.02269636,0.019532066,0.010376458,0.0077454927,0.018722035,0.0017382428,0.0010068072,6.882612e-05,0.01589153,0.12301339,0.0703873,0.12580419,0.1003508,0.03273291
0.019902611,0.9914129,0.00088829536,0.20536982,0.17429544,0.00552181,0.0040408033,0.9842867,0.047177136,0.029156268,0.09671837,0.88118416,0.1031431,0.011783611,0.041693103,0.66463697,0.39313126,0.061524697,0.99084103,0.028865077,0.7310774,0.5065272,0.062135495,0.009057117,0.6871618,0.5235083,0.2349806,0.0017216032,0.18994717,0.012725524,0.8484178,0.3326938,0.0028932805,0.0006962472
0.8154077,0.21890277,0.017585093,0.6623531,0.65704936,0.0055487934,0.015035919,0.8839829,0.11689102,0.1242492,0.20545541,0.74923337,0.112628855,0.029514614,0.01880215,0.74832153,0.16185626,0.04733706,0.3377009,0.6350804,0.26024967,0.24295273,0.17618988,0.24569146,0.34227884,0.021859229,0.0021357017,0.00027250202,0.18904273,0.08017094,0.18856199,0.60747606,0.27212116,0.04770887
0.9391718,0.054822695,0.02095476,0.22727501,0.85775954,0.011193844,0.018696975,0.69424117,0.030700063,0.02724124,0.17096578,0.88199764,0.04616502,0.025442969,0.043314546,0.55020803,0.10318946,0.025088476,0.15687089,0.4192974,0.1184134,0.08032186,0.040895626,0.029439408,0.07224928,0.016202949,0.012427067,0.0020255907,0.08523699,0.18496333,0.2302633,0.20688385,0.103869684,0.04576667
0.9902352,0.007624388,0.012833284,0.14095202,0.87120813,0.012414417,0.05709951,0.36995903,0.022019139,0.0037234647,0.046221424,0.9510832,0.08442084,0.007809158,0.009297201,0.3934163,0.017266233,0.008011869,0.005661017,0.585891,0.007894861,0.00676166,0.00579297,0.0015600022,0.008402553,0.0004230548,0.00038606653,5.395158e-05,0.0061108437,0.0170245,0.023574442,0.23150523,0.18039271,0.032241505
0.9677796,0.026485445,0.011488275,0.7710377,0.41600108,0.0027173776,0.01308619,0.6293035,0.027230697,0.0038911838,0.049972057,0.9502197,0.045969225,0.006395086,0.0097513655,0.5783154,0.028399814,0.004281576,0.03415563,0.4560602,0.05675567,0.016937098,0.0034175112,0.004075633,0.015543044,0.005249326,0.0034382348,0.00020616106,0.02420839,0.011266366,0.092465244,0.28581443,0.093012705,0.018801736
0.9773877,0.015349846,0.020564971,0.97456294,0.065053895,0.0014320032,0.0103651,0.46174926,0.0120718675,0.001701622,0.023448545,0.97284013,0.024072982,0.0025834304,0.0037140923,0.38621157,0.013808437,0.003687643,0.0061976346,0.4744985,0.011436223,0.0049987584,0.0010475013,0.0010582156,0.005779487,0.0006333774,0.0001347709,3.4181337e-06,0.0056922673,0.005028681,0.026913397,0.2487662,0.08782436,0.009040616
0.91442645,0.095209934,0.014913045,0.053199273,0.8882178,0.074395426,0.1754598,0.5559814,0.043659244,0.02354329,0.09640737,0.886446,0.32095343,0.026522016,0.022041693,0.37930307,0.0909422,0.11242319,0.0477418,0.6088583,0.026678037,0.05754459,0.101477936,0.01171357,0.13842115,0.0010943864,0.00024410148,4.5532273e-05,0.025113832,0.02428517,0.045046996,0.50442743,0.2605254,0.027213776
0.9499482,0.038933344,0.023079412,0.6282145,0.6152835,0.0028512569,0.005682185,0.71577257,0.015652964,0.0153019065,0.12549955,0.9190023,0.01551315,0.009899499,0.022937834,0.5694528,0.060845524,0.008080594,0.105558224,0.3792235,0.09156122,0.04251605,0.012681166,0.015761828,0.031289406,0.009126465,0.004007462,0.0003305111,0.06563424,0.15858671,0.21591596,0.14163083,0.054814856,0.021008203
0.9434815,0.05834281,0.0070430096,0.038241062,0.8406537,0.1448717,0.13880676,0.42003193,0.01961986,0.010934677,0.12355716,0.9265543,0.13078527,0.036758386,0.12417677,0.4328371,0.07770993,0.020682286,0.106786385,0.33733478,0.09255221,0.04911378,0.027189663,0.00911188,0.046347518,0.009660732,0.013608759,0.0033223915,0.067820475,0.10586589,0.1990377,0.1412838,0.06889629,0.034051184
0.9260598,0.082338594,0.006972126,0.028457778,0.7585389,0.281939,0.3835692,0.34349796,0.038514238,0.0071180784,0.063328624,0.92794544,0.37953532,0.023922706,0.058278874,0.37112764,0.046893887,0.025629401,0.03151218,0.48038825,0.024576126,0.025680464,0.029158032,0.0031604702,0.050614793,0.0011409553,0.00037914954,3.6054837e-05,0.023182936,0.01513493,0.057948653,0.31247336,0.10970398,0.013490424
0.7569054,0.3043553,0.011235912,0.3576463,0.8296296,0.0053110817,0.013640947,0.9200329,0.19299468,0.08962207,0.17235194,0.7141239,0.14677614,0.025468888,0.012613232,0.6676247,0.19947697,0.0941042,0.35237512,0.60746765,0.10757588,0.2761536,0.3137879,0.14015342,0.5639484,0.009689622,0.0003391296,4.6250602e-06,0.075696535,0.05123907,0.13580446,0.7199725,0.24768993,0.017652424
0.97245646,0.026981927,0.009273636,0.059874903,0.94361603,0.021024166,0.09944372,0.5477639,0.037341513,0.007223118,0.07139556,0.9342094,0.25510535,0.017594611,0.016314778,0.5652473,0.043591425,0.018440891,0.036948174,0.5801707,0.07039157,0.026282042,0.013599756,0.005179334,0.027895266,0.0048899977,0.01472207,0.011732861,0.03308944,0.009219596,0.07526247,0.4186768,0.23481604,0.06210651
0.59754866,0.43725455,0.02302103,0.25206947,0.80468434,0.007981551,0.011273188,0.9150375,0.054735124,0.09209566,0.23150697,0.7847087,0.08299565,0.0232306,0.031876266,0.6642191,0.25614554,0.0769578,0.60052466,0.416541,0.2825569,0.30723548,0.20962924,0.098009735,0.43271083,0.027126638,0.0023252314,0.00013339012,0.23313817,0.13811438,0.39289692,0.45177788,0.07325317,0.010745818
0.9789898,0.017491661,0.018865546,0.23501977,0.82051605,0.016362447,0.06000229,0.42353633,0.01670342,0.008161995,0.076231055,0.9442509,0.093196444,0.017251555,0.018340852,0.37952062,0.045254398,0.029051097,0.021628648,0.51495606,0.03162333,0.019937824,0.011762036,0.0049288794,0.020147502,0.0025502234,0.0048772087,0.0025836292,0.018465204,0.03261537,0.05531979,0.24846937,0.20879382,0.069934286
0.16259356,0.9117035,0.0015018957,0.12217942,0.6398119,0.008287537,0.011420922,0.97217983,0.08882442,0.03740033,0.12367275,0.83329135,0.23303255,0.01586711,0.025544321,0.7577213,0.30385816,0.056216218,0.93006545,0.18964735,0.58047205,0.4543734,0.14849871,0.036856804,0.69306636,0.12735981,0.015115409,0.00020683286,0.22996071,0.010147951,0.59026295,0.6333745,0.023907084,0.0021122824
0.91914517,0.07128872,0.036882177,0.1065172,0.348614,0.32704404,0.33400458,0.21795383,0.10568869,0.014306679,0.066880405,0.87611,0.15454876,0.020449387,0.092779994,0.3444322,0.019618327,0.0061235735,0.010763436,0.42668152,0.005632471,0.009332464,0.016557703,0.002375488,0.014518786,0.0005734242,7.183258e-05,1.2528709e-06,0.011117667,0.089990474,0.04439394,0.11258554,0.06328084,0.012464789
0.8712886,0.1549603,0.0054320237,0.02053718,0.37343547,0.7984144,0.749617,0.16855136,0.04363192,0.006482822,0.052463304,0.9323872,0.49783656,0.033984926,0.17810123,0.29515246,0.033521306,0.015582945,0.02613601,0.35759562,0.017799329,0.016854487,0.021086385,0.0017424137,0.032771062,0.00094848033,0.00025454318,1.6852793e-05,0.02077885,0.01896657,0.057970315,0.1749011,0.058099844,0.009417094
0.09829617,0.9383033,0.008347177,0.67878634,0.10922557,0.0092984,0.01911314,0.95418864,0.055540353,0.07327155,0.11657707,0.854022,0.2425324,0.011965399,0.024538543,0.82013136,0.20696591,0.028985037,0.8883989,0.2449655,0.7668285,0.3264663,0.055735983,0.05004942,0.4029307,0.13816123,0.019052967,0.003695233,0.47773892,0.0076403227,0.6007065,0.57983017,0.025447534,0.0033912708
0.9655834,0.025717603,0.031506967,0.6672012,0.5830242,0.0029611164,0.01904379,0.6079345,0.037194703,0.0055579706,0.050878704,0.93802315,0.06488374,0.006389492,0.0066146534,0.5143593,0.028967174,0.008938964,0.018978868,0.5434911,0.027039707,0.0142744845,0.0053779776,0.0030838856,0.016408296,0.0022115307,0.0011330999,8.339045e-05,0.015510455,0.010745534,0.05652485,0.35540727,0.14065322,0.020650348
0.96661204,0.026539871,0.03277793,0.9406296,0.200788,0.0025502704,0.010887842,0.5926065,0.048682634,0.016552005,0.07183049,0.903908,0.026689287,0.008898266,0.009155172,0.5262273,0.029137539,0.007322702,0.020416897,0.5625563,0.024321375,0.01923251,0.009138037,0.015104061,0.021346627,0.0022935213,0.00039222592,1.6380985e-05,0.01755928,0.049510155,0.047796458,0.26706383,0.17961952,0.037158106
0.71331954,0.35805064,0.009223486,0.05053003,0.8489065,0.13096727,0.17084782,0.7830253,0.12166109,0.055140477,0.17654207,0.7921619,0.46046826,0.04212121,0.07299574,0.724567,0.16194922,0.040866934,0.35930783,0.5886051,0.29138985,0.22411686,0.20257883,0.08160538,0.36721024,0.015161826,0.001574733,0.00019259185,0.28273362,0.032202184,0.26231578,0.60820067,0.13728538,0.014506995
0.96852165,0.021644622,0.046982557,0.7814919,0.49982435,0.0020933074,0.014332901,0.59739834,0.039187744,0.005838422,0.050097648,0.9358462,0.046376772,0.005488751,0.005813824,0.5102893,0.024717102,0.0070551317,0.014488599,0.5485525,0.021090098,0.011524347,0.0043202452,0.00287733,0.012404651,0.0018694976,0.00080162054,4.6208843e-05,0.01336032,0.013440489,0.052026723,0.32013547,0.1348494,0.020340666
0.254497,0.82458055,0.005071267,0.71600217,0.2985252,0.004046513,0.009515553,0.9537283,0.024829516,0.030241992,0.11037631,0.89593583,0.17467466,0.017381852,0.012129519,0.49904814,0.45276994,0.37192464,0.82756305,0.27432862,0.42155334,0.48188624,0.18023127,0.045186255,0.77822876,0.047870245,0.002869964,7.1571594e-05,0.14103213,0.0074993293,0.34584183,0.76687884,0.0716092,0.0035706686
0.8885844,0.1272693,0.0071074665,0.02950117,0.30336046,0.81764203,0.7488513,0.13764362,0.034580205,0.0068696183,0.05723805,0.9355023,0.4265286,0.037196033,0.2159233,0.27182543,0.033255134,0.015128768,0.02286298,0.34765023,0.017673025,0.015664237,0.018838536,0.0019292248,0.026514033,0.0009824,0.00028727198,2.3413859e-05,0.022714041,0.030056112,0.06106027,0.13595676,0.05563141,0.01142654
0.5198028,0.30707476,0.9096677,0.5534689,0.43677628,0.031295195,0.10094114,0.55919844,0.09422014,0.13917704,0.17680453,0.7761318,0.123348534,0.018367095,0.03732257,0.47761804,0.08355406,0.062033262,0.05362002,0.5198646,0.05550436,0.033476293,0.032873936,0.0073896092,0.024411239,0.006450174,0.0020978143,0.0019218315,0.13312282,0.16532405,0.2154795,0.23383474,0.083489075,0.025505072
0.95331657,0.049872376,0.0065982337,0.027615407,0.9240787,0.059150282,0.15286225,0.54598254,0.05767742,0.007159103,0.065987475,0.9143686,0.30955938,0.014841616,0.021872697,0.525608,0.04131024,0.015427644,0.033110805,0.5844673,0.029418707,0.02746768,0.028209142,0.0042881086,0.052323077,0.0012780445,0.00045083594,3.6003676e-05,0.024205131,0.01043419,0.058781724,0.43558004,0.14706609,0.0143333245
0.9670096,0.02882253,0.023902798,0.14250194,0.91335833,0.012212498,0.06917159,0.6100742,0.114991955,0.009860461,0.07155651,0.8928383,0.22046304,0.014057209,0.012038009,0.62597704,0.034910332,0.011021977,0.02487459,0.6558303,0.03965948,0.023108056,0.015773196,0.006267829,0.029822404,0.0034770393,0.0028697187,0.0003990021,0.026504721,0.010256286,0.06337768,0.49562606,0.24633491,0.040349774
0.9547693,0.032390643,0.089992255,0.9584264,0.19763097,0.0019071636,0.016503377,0.58960116,0.068540536,0.014374429,0.055490494,0.9092776,0.05281952,0.007912231,0.0050563626,0.5073519,0.028600207,0.012884508,0.013586941,0.61885655,0.022537367,0.014986791,0.006516261,0.0076752054,0.017382164,0.0023933186,0.0006933781,5.9088117e-05,0.014056383,0.014922821,0.03671396,0.41224813,0.2578274,0.04426995
0.8665797,0.14870329,0.007766891,0.02841662,0.52571213,0.64332926,0.5586693,0.25895503,0.028934667,0.008981803,0.0889907,0.92975855,0.38030094,0.0418787,0.23304357,0.40781334,0.059868563,0.016214004,0.07772455,0.3438148,0.08285892,0.03677289,0.024250448,0.0048509194,0.04409033,0.0051144087,0.0028753525,0.0005507148,0.08409286,0.038745396,0.16998729,0.16714726,0.049044527,0.014147306
0.57738566,0.5276828,0.0023452267,0.0572636,0.9015616,0.010689581,0.017387353,0.95367736,0.12208618,0.028850446,0.15393287,0.81398654,0.2520515,0.01303277,0.03138335,0.8956569,0.14650548,0.006626551,0.7517209,0.4495502,0.61871666,0.29236493,0.09615869,0.06681601,0.39875677,0.059066597,0.0056667933,0.0001633192,0.44940698,0.014073396,0.56909496,0.6283966,0.03704421,0.0030924617
0.9019813,0.103434004,0.024403851,0.8894964,0.41047832,0.0033947742,0.015901236,0.80047363,0.09398827,0.055005956,0.12610686,0.8342883,0.094168544,0.021428484,0.010944159,0.66348356,0.096282244,0.036796235,0.12346757,0.6429243,0.13791399,0.10678274,0.05556994,0.09763043,0.14772551,0.012945077,0.002384897,0.0003369743,0.07651641,0.033988338,0.09756094,0.588077,0.33951133,0.06702041
0.91244274,0.09800029,0.015226341,0.045488257,0.8403456,0.17781393,0.29999596,0.4836062,0.15937386,0.02350646,0.10229893,0.8402669,0.40543753,0.03858693,0.058602825,0.5448976,0.05782938,0.023746941,0.050894964,0.5890854,0.043680124,0.04681883,0.061836433,0.014112684,0.08184137,0.003748826,0.0012351731,0.0001184326,0.043379672,0.028477916,0.07922662,0.42853603,0.20556659,0.034795225
0.9641247,0.026515791,0.03318811,0.97601,0.11116308,0.001065736,0.008099374,0.6272721,0.037065636,0.0062935185,0.040221613,0.93899524,0.030495455,0.004116778,0.0037320198,0.51931757,0.02163491,0.0055675087,0.0129742455,0.57601535,0.019854076,0.011875409,0.0036294316,0.0051048407,0.015209127,0.0013404264,0.00017151804,4.3999507e-06,0.011458675,0.009663177,0.035396334,0.37285328,0.1527181,0.015840752
0.9748039,0.0174874,0.03991751,0.6358984,0.5588678,0.004099573,0.025544368,0.4926116,0.027505381,0.004927537,0.046466123,0.94654894,0.057396334,0.0060750945,0.0070487144,0.44731036,0.021951752,0.008125389,0.010325789,0.5393975,0.01626083,0.008870576,0.0038924052,0.0019541597,0.009296564,0.0012369622,0.00080804515,8.670743e-05,0.010706977,0.013345123,0.041527815,0.27262467,0.13947158,0.024188492
0.29393238,0.7867824,0.0016758555,0.029217273,0.77513796,0.030608658,0.019111974,0.9427437,0.03314909,0.014674,0.14953232,0.89138967,0.1674237,0.01312077,0.09974881,0.81852853,0.21544185,0.008330781,0.91470945,0.16130188,0.74274063,0.32456043,0.05610903,0.019828536,0.37603346,0.14442746,0.027683461,0.00061632216,0.5372368,0.025851114,0.82063866,0.32642066,0.0057025803,0.0009544184
0.7194903,0.25970602,0.15447745,0.786804,0.4039804,0.013931629,0.05009424,0.7546622,0.21609244,0.087809995,0.15993202,0.7630451,0.18144378,0.038467005,0.030555086,0.63161194,0.13551019,0.06291668,0.17808132,0.5603919,0.17379825,0.12376642,0.06907481,0.06130846,0.14882714,0.039345086,0.012298457,0.0019781685,0.12740801,0.04965084,0.19677496,0.5534776,0.24769361,0.06407838
0.91394156,0.0592703,0.21547529,0.9025801,0.24331707,0.006445763,0.03840616,0.54708254,0.18155499,0.026109261,0.07906953,0.85373193,0.083979934,0.015035714,0.015173408,0.5733746,0.032431565,0.010150236,0.022135355,0.5662049,0.03686588,0.01819008,0.008129209,0.0090100765,0.015819617,0.008615368,0.0046432014,0.000465343,0.028314563,0.030891497,0.07871692,0.34102705,0.20595126,0.061854914
0.9446507,0.04352181,0.038428582,0.976645,0.09943842,0.0016430606,0.01312657,0.6327319,0.045239177,0.008176189,0.04597378,0.935485,0.051695924,0.006554645,0.005525207,0.5560838,0.029882208,0.008303008,0.02392997,0.5492729,0.048071574,0.017660826,0.0039188326,0.007180997,0.018817628,0.004515778,0.0013959756,0.00010296202,0.0212538,0.007622332,0.055374134,0.42099804,0.17903134,0.028250163
0.95705587,0.04474979,0.004864771,0.024740005,0.6434029,0.4682875,0.3595868,0.19382687,0.015266288,0.005332516,0.07403922,0.9455914,0.15906978,0.029742736,0.15616931,0.25191242,0.04080743,0.016039718,0.02645866,0.3210095,0.015736867,0.018112412,0.019545138,0.0024272674,0.02622005,0.0010349976,0.00046076268,2.8506627e-05,0.01804925,0.085510455,0.07340318,0.09228672,0.051205274,0.01438412
0.760928,0.29240486,0.005315938,0.8852039,0.40224677,0.0010980975,0.003813829,0.9445335,0.08653063,0.029495496,0.108725056,0.83944356,0.076126084,0.010353689,0.006209067,0.7132304,0.17197534,0.040753156,0.3969511,0.55855554,0.18963417,0.24870262,0.11037008,0.10230441,0.50812536,0.012259393,0.00022765879,1.2745793e-06,0.09136468,0.014102716,0.166235,0.7591039,0.14846164,0.0060831215
0.98621327,0.010951925,0.009837099,0.12702747,0.8347464,0.017568825,0.05763821,0.3776816,0.011247011,0.0026421403,0.045223806,0.9613982,0.0804008,0.007113271,0.0113678435,0.31654087,0.024964241,0.013248941,0.007957303,0.53088784,0.008046349,0.0090388525,0.0075913277,0.0012663292,0.014214839,0.00030572002,0.00013118269,9.402712e-06,0.006905499,0.016532775,0.028404426,0.23112607,0.11781173,0.013490424
0.64374936,0.3776937,0.01852626,0.89649725,0.22190042,0.003897647,0.0073360624,0.8985802,0.06425877,0.04764598,0.17301105,0.8446443,0.056915507,0.020490924,0.037709724,0.77343327,0.17658734,0.017195111,0.6116982,0.3689436,0.5700253,0.24329147,0.04364514,0.11634546,0.23115356,0.13491876,0.0260371,0.0016277746,0.356688,0.06148182,0.51651746,0.4248794,0.06265699,0.016559947
0.11286718,0.93053705,0.009101037,0.49570543,0.44569135,0.002587268,0.0058231195,0.97869325,0.10078404,0.102771744,0.14416191,0.7714617,0.1615973,0.013934,0.010548971,0.6965785,0.3682157,0.17103054,0.8998035,0.26403236,0.42421246,0.4918583,0.25013584,0.06536319,0.7655005,0.066525586,0.0028417963,4.775514e-05,0.17775017,0.016081719,0.4418385,0.72631323,0.048469003,0.0029281753
0.87124544,0.11974789,0.04251531,0.9529364,0.1951042,0.0015326617,0.0112979505,0.7985766,0.06524319,0.02987826,0.071695395,0.88235307,0.07601097,0.0077789384,0.004225845,0.6200034,0.055486277,0.023032436,0.058877144,0.6302399,0.06437308,0.04662709,0.020692421,0.024833903,0.073339134,0.0036328216,0.0003489103,2.966587e-05,0.03733956,0.011633739,0.05962245,0.58605266,0.23491342,0.022899657
0.94096035,0.054985374,0.03220748,0.9295962,0.27258593,0.0027327933,0.018592557,0.72500575,0.38753968,0.022105413,0.06922016,0.81364876,0.0949316,0.014498515,0.009294242,0.7287383,0.029502269,0.0046571805,0.035875533,0.63387084,0.04842125,0.02987952,0.01215026,0.02572691,0.03812583,0.012393832,0.0029629627,5.0002425e-05,0.02380362,0.014285767,0.06435971,0.53975856,0.29655862,0.05834621
0.3643092,0.68804216,0.016345885,0.094886884,0.74425894,0.034271143,0.04122282,0.8892693,0.06855985,0.05160776,0.19857623,0.8380026,0.21423802,0.033764884,0.10044145,0.7617964,0.23226821,0.031004403,0.81483877,0.23507576,0.69568163,0.28301534,0.06644026,0.038142607,0.25136024,0.25069964,0.24678122,0.08670855,0.4739754,0.052025557,0.7162387,0.34903133,0.030015957,0.013185214
0.96932006,0.023598805,0.023581337,0.73309624,0.49004042,0.003100192,0.017248418,0.61494213,0.04811531,0.0056709917,0.0502973,0.9299513,0.057715666,0.0057002427,0.0069095613,0.5640167,0.023830717,0.0049734884,0.016646672,0.5798041,0.023583598,0.013801244,0.0057095466,0.0041941665,0.017343592,0.0015895541,0.00035995894,1.1561693e-05,0.016182568,0.011922058,0.05166561,0.3578853,0.13079572,0.014930644
0.9585288,0.037371606,0.021453843,0.19171573,0.88119835,0.010956372,0.060468275,0.6109763,0.06031133,0.010696881,0.077480614,0.91542614,0.19099359,0.016655002,0.0143731935,0.598275,0.0460679,0.01697665,0.04362009,0.5708178,0.07775322,0.028934686,0.012767809,0.006912144,0.028551532,0.008076938,0.017582161,0.00867955,0.037488647,0.011875566,0.09108475,0.42924955,0.22704299,0.063148394
0.78195804,0.25274566,0.00912149,0.025444623,0.18954743,0.9314029,0.8112264,0.12628202,0.038414985,0.012459624,0.08551001,0.9168099,0.40271398,0.0651439,0.47916874,0.26796415,0.050635453,0.017295605,0.057377808,0.24596481,0.03413836,0.0269702,0.029380264,0.003452844,0.037869312,0.0029163503,0.00084682024,6.5168344e-05,0.049850225,0.0934948,0.13428319,0.08175213,0.03140608,0.011515056
0.92729807,0.06868084,0.012921842,0.9143719,0.2204499,0.0028031785,0.014528129,0.7645822,0.104241826,0.008007345,0.055831663,0.90408355,0.08906934,0.0072219083,0.00838207,0.71160924,0.0373368,0.004378556,0.055181995,0.59568,0.08223359,0.03632156,0.0094739245,0.015098694,0.053729188,0.0060851136,0.000530135,6.932997e-06,0.04435721,0.0062940824,0.09315981,0.5598348,0.13468999,0.010664095
0.96170837,0.038717136,0.0055895755,0.02135277,0.5803149,0.473778,0.53016144,0.14870177,0.020002974,0.00270099,0.035701245,0.9574467,0.2881815,0.014524375,0.062570766,0.22647732,0.01824081,0.0108970795,0.0065592322,0.41233253,0.0045577926,0.0062596337,0.009441501,0.0005577607,0.012770346,0.00017258702,4.8858947e-05,2.3569285e-06,0.005767129,0.015091151,0.023820799,0.14408553,0.064826734,0.007641466
0.19289987,0.8507639,0.0123064695,0.09043012,0.67599267,0.020850925,0.023363985,0.93888944,0.05043385,0.058124874,0.18679059,0.8404596,0.1903297,0.018416118,0.07029346,0.81017464,0.2346602,0.022409767,0.8964692,0.2019466,0.7563785,0.32021323,0.06901908,0.033427514,0.30966815,0.2035757,0.09383622,0.02071258,0.5614423,0.03859789,0.7759437,0.35817674,0.014415576,0.004157162
0.89850354,0.10974402,0.010887842,0.07901824,0.9395836,0.011500389,0.025662389,0.84019476,0.23643708,0.02395511,0.13510957,0.785752,0.14930713,0.020243183,0.026994724,0.7385078,0.08179767,0.010759847,0.18299976,0.53909415,0.0943261,0.09753693,0.07234962,0.028752271,0.15770368,0.013850928,0.002532054,3.1315518e-05,0.07091771,0.043613765,0.20375821,0.49148574,0.11764489,0.015489724
0.50234133,0.6054626,0.0066399807,0.14863166,0.86789143,0.006755053,0.011712191,0.95842195,0.34504145,0.09094793,0.19417351,0.6567952,0.18124358,0.02557977,0.025736509,0.8200767,0.21120179,0.030384192,0.72556746,0.44197175,0.31540218,0.37077743,0.26018366,0.12957802,0.5956936,0.06269061,0.003893663,3.0093855e-05,0.18938945,0.046733413,0.39971057,0.6667364,0.091646045,0.008832673
0.35291496,0.75635064,0.005639598,0.072348855,0.73132396,0.06701175,0.13250576,0.8406534,0.012627469,0.02677655,0.09502533,0.9186431,0.5346315,0.03219115,0.01724795,0.22661707,0.4662095,0.8169174,0.52850544,0.3599284,0.1230183,0.35502562,0.3671783,0.01405078,0.7807954,0.004466484,0.0004406573,6.4990905e-05,0.050064027,0.0054747006,0.11406752,0.7871462,0.15632951,0.0056456574
0.34040532,0.73532426,0.061932914,0.055462383,0.7399686,0.19255714,0.13725586,0.8061706,0.3367579,0.5023108,0.33230352,0.48027065,0.25148052,0.08830656,0.1288545,0.6182719,0.2181866,0.12247995,0.5057273,0.4559237,0.11239241,0.30341163,0.5883754,0.21564531,0.48797947,0.01632781,0.00090174313,7.953228e-05,0.17944758,0.48807287,0.24842086,0.34286207,0.13831441,0.0366485
0.3588964,0.7501473,0.016467605,0.09733543,0.82474154,0.026137842,0.04500722,0.944052,0.86083055,0.2350398,0.1970107,0.3972529,0.38117158,0.042699434,0.036162693,0.8538691,0.13766181,0.020683626,0.5738458,0.54070985,0.14075966,0.29990208,0.40714395,0.16478038,0.58934766,0.043884452,0.0013143234,3.8002418e-06,0.11625693,0.05546484,0.2560191,0.7259438,0.15891734,0.014108014
0.9744743,0.022660306,0.013855893,0.2950926,0.8175213,0.009289817,0.02478567,0.57730615,0.026709778,0.012708611,0.095368646,0.91362154,0.053953342,0.014886262,0.016284639,0.42526442,0.054836422,0.02459272,0.03270137,0.537482,0.023722213,0.032603767,0.027702343,0.011450527,0.046933766,0.0017508417,0.00058320066,4.0909286e-05,0.01864502,0.06829216,0.05881874,0.27373618,0.17535542,0.034011
0.48929518,0.58426124,0.012110262,0.034702726,0.101589605,0.9532299,0.8367055,0.1685701,0.04136069,0.023808222,0.11340353,0.9040704,0.4756876,0.10571084,0.6481157,0.30206493,0.094349906,0.03141791,0.21855848,0.15714706,0.13096197,0.05885238,0.037237257,0.0059669963,0.063555054,0.020505918,0.013712747,0.003015726,0.13248183,0.112961575,0.31147793,0.07762475,0.022379333,0.01589643
0.95613605,0.03560326,0.04013443,0.9130253,0.32707924,0.0022608,0.016799299,0.6636453,0.11733424,0.013110631,0.06279545,0.89406854,0.07067812,0.0100804465,0.0075118896,0.64159113,0.030276466,0.0067982078,0.026802396,0.6044115,0.048763555,0.021680344,0.007099429,0.011956945,0.022628361,0.0069285263,0.0030046857,0.00019467386,0.024452165,0.013036881,0.06360081,0.446914,0.2373852,0.048611663
0.29264706,0.815109,0.004677394,0.021630857,0.11244567,0.8441864,0.87898046,0.3033988,0.03395461,0.016789772,0.034589306,0.9374437,0.8363986,0.02532615,0.08610752,0.32371166,0.046693627,0.057685494,0.104916334,0.26615965,0.05253786,0.026705792,0.02554473,0.0010976566,0.06471928,0.0014757863,0.00060847827,0.0005581431,0.031470925,0.002083398,0.059408017,0.33125153,0.051759522,0.0061294064
0.98755115,0.008995919,0.008630304,0.20659313,0.80294865,0.005401023,0.013771117,0.4715801,0.0067723095,0.0023722663,0.05172769,0.96507317,0.02132806,0.004437907,0.011546965,0.37103623,0.021428596,0.0047402456,0.012746713,0.4112787,0.010596199,0.008237414,0.0041623865,0.0012516362,0.008820125,0.0005030919,0.00022776713,9.137818e-06,0.008702004,0.044237584,0.053973746,0.113451704,0.050017796,0.009039741
0.98162365,0.013044625,0.0264572,0.34430018,0.83645815,0.0028054616,0.022425873,0.59242743,0.054198742,0.0033228998,0.039975323,0.9369408,0.08298571,0.0043277917,0.0041076173,0.5269614,0.01784842,0.005279821,0.0078342175,0.6307057,0.010292978,0.008088082,0.0048887026,0.0014431524,0.011835724,0.000644503,0.00023117979,7.404992e-06,0.0075563723,0.006444496,0.032093145,0.40401232,0.15372188,0.013106418
0.56701946,0.54615635,0.0040700217,0.022791728,0.05915753,0.96340543,0.9261967,0.09922352,0.029025285,0.008754268,0.04068425,0.9478856,0.6606484,0.05401365,0.35859662,0.1911994,0.037420373,0.029758915,0.0553473,0.16260561,0.026563205,0.01590999,0.014145417,0.0008235747,0.027215922,0.0022492134,0.0017467346,0.000450909,0.019498574,0.014552877,0.072851285,0.09595941,0.031511493,0.011290985
0.8732289,0.14078785,0.017633218,0.8903172,0.32068932,0.0033195615,0.021052783,0.7995231,0.051027417,0.035247244,0.08337047,0.88444275,0.14194357,0.01335325,0.0054315133,0.5866499,0.090939306,0.06219335,0.09202336,0.65953994,0.09524178,0.08626099,0.048658777,0.046612967,0.16328691,0.004205753,0.00048240897,8.376855e-05,0.04770466,0.00977869,0.05580075,0.6887,0.34329128,0.034182034
0.9412922,0.043840658,0.051005166,0.96582884,0.124573156,0.0017757101,0.013013366,0.613731,0.03113798,0.008789609,0.04932109,0.9397712,0.04411291,0.006255548,0.00590277,0.51610786,0.031195007,0.009993916,0.023797747,0.5192958,0.043856572,0.016343592,0.00390076,0.005665079,0.016039658,0.0038123946,0.0014470009,0.00016321223,0.021386858,0.010810608,0.05950104,0.3535467,0.15167797,0.027124876
0.83240986,0.19946174,0.014905727,0.21794678,0.90081894,0.008199604,0.024411658,0.887407,0.1451344,0.076120324,0.17431599,0.75361544,0.19705372,0.024777032,0.014454316,0.71205485,0.157296,0.062493637,0.25758252,0.67026436,0.14140576,0.21018782,0.22567102,0.11456887,0.39238474,0.008639402,0.0006478541,3.8330814e-05,0.11425949,0.041597053,0.14175142,0.6968811,0.26712415,0.024415627
0.8767432,0.12012019,0.008607496,0.9602759,0.11602082,0.0019447847,0.0034911195,0.825471,0.011520963,0.013856381,0.10533409,0.92872757,0.017605254,0.008628248,0.016610742,0.55533415,0.11750336,0.018269777,0.23542929,0.38852453,0.1679599,0.11226109,0.024426067,0.044097047,0.15053287,0.009639614,0.00043046765,6.778392e-06,0.09933151,0.0599935,0.21707499,0.32053617,0.0545275,0.006562064
0.9337398,0.046315514,0.09643709,0.7787686,0.39979118,0.00621547,0.029494561,0.58956224,0.09409242,0.012863536,0.0761162,0.8954135,0.07439264,0.010781286,0.01695412,0.6204969,0.03231956,0.0056986725,0.030753471,0.53378266,0.0567528,0.019306995,0.006301847,0.006737825,0.015695235,0.008091942,0.004209369,0.00035341163,0.04284066,0.0248501,0.11727654,0.3073785,0.119877495,0.029448353
0.06261362,0.9638111,0.011967044,0.30228075,0.2936425,0.016330766,0.021930087,0.9643226,0.1525425,0.1715445,0.17473255,0.7262306,0.25796464,0.020835888,0.040211998,0.81307733,0.2688878,0.047355577,0.93009317,0.2176615,0.67476696,0.43493542,0.16594087,0.07720883,0.5723234,0.17430761,0.019907918,0.0015404102,0.42980707,0.027322693,0.646875,0.5416526,0.025974847,0.0041656727
0.12305355,0.9327661,0.020784702,0.038608894,0.5080101,0.46691063,0.39014605,0.7939559,0.29931563,0.30581388,0.21686868,0.6136107,0.62602377,0.12182808,0.15673213,0.4964093,0.32873484,0.35051307,0.7173151,0.30731195,0.19765562,0.39847454,0.5579064,0.09056389,0.68661404,0.040275026,0.0048491745,0.00055697846,0.15246111,0.09026416,0.27009633,0.5281557,0.1253763,0.02432387
0.91357267,0.08157204,0.016889036,0.47651672,0.7420107,0.0049411473,0.014968008,0.78290087,0.059524827,0.016476387,0.12101133,0.8916798,0.07398224,0.018637704,0.025428455,0.67760605,0.088196255,0.013726309,0.19758648,0.43074957,0.21645871,0.079084426,0.019568462,0.02310198,0.069258824,0.04061688,0.039539296,0.004810766,0.10184358,0.039384343,0.26834038,0.3557556,0.109184064,0.03681433
0.69946694,0.34183985,0.02273064,0.58775777,0.5292286,0.017159957,0.07500396,0.7644481,0.018346054,0.02662158,0.09795949,0.92069393,0.34635448,0.033083387,0.012088017,0.3062655,0.31966874,0.61145973,0.24150006,0.5144975,0.15387061,0.21575971,0.13637781,0.025678733,0.45744476,0.009386243,0.002837486,0.0013596604,0.059542444,0.0067109694,0.092697226,0.773735,0.33541358,0.031279486
0.87895983,0.083362035,0.28764397,0.7154673,0.39476717,0.01278949,0.057213802,0.5862691,0.3618156,0.036487285,0.08983128,0.77406883,0.11959795,0.013583268,0.019156404,0.6495194,0.027346572,0.005777268,0.020256706,0.62658787,0.023864275,0.018041007,0.014730475,0.00904686,0.019947171,0.004382778,0.00069252285,2.01553e-05,0.033210132,0.0404319,0.083349735,0.3659819,0.15592343,0.026966926
0.9619394,0.024512745,0.14797783,0.82090724,0.390774,0.005003654,0.026372286,0.50664437,0.17486359,0.016808847,0.067984596,0.85833305,0.04950588,0.009751245,0.011189737,0.5350393,0.019520933,0.005058282,0.009098006,0.6001855,0.010754164,0.010069071,0.007320262,0.0054214923,0.010733435,0.0019997938,0.0004967966,1.2342799e-05,0.011500091,0.04464333,0.044060487,0.26908022,0.17973062,0.037318133
0.076552875,0.95379585,0.010563284,0.096752845,0.5509023,0.02621254,0.018153459,0.956484,0.14373703,0.14420806,0.22309135,0.71645075,0.15492842,0.035690036,0.093286544,0.70338845,0.36178178,0.07938444,0.95268613,0.1191432,0.57091886,0.4840355,0.21906067,0.05431848,0.61275506,0.28948098,0.0777377,0.0022649018,0.31414446,0.110934526,0.74786365,0.33872044,0.015871653,0.005074449
0.9242031,0.06881694,0.03175885,0.84776896,0.38188565,0.004254264,0.025001839,0.6684741,0.03266226,0.014666396,0.06894907,0.9210875,0.10043731,0.012986261,0.0069903275,0.41126972,0.079634905,0.072421394,0.043692052,0.5756451,0.042206056,0.045758955,0.02413766,0.012387296,0.08144722,0.0030534226,0.0007385935,8.3664054e-05,0.02152079,0.012303543,0.049419187,0.54715127,0.2714319,0.032525193
0.9872291,0.010390878,0.0071698995,0.04937161,0.92453086,0.017478602,0.062086035,0.43772632,0.01673654,0.0022149202,0.043632805,0.9576689,0.1110007,0.0056703864,0.010442337,0.43678185,0.01924138,0.005912974,0.008432583,0.57559395,0.010188838,0.008245568,0.006747421,0.0011071096,0.01240385,0.00030640984,0.00013235498,8.537076e-06,0.009321107,0.010657557,0.034198165,0.2645467,0.10061008,0.009524433
0.41280374,0.6826725,0.0038796011,0.026435398,0.5931062,0.4193476,0.181015,0.738102,0.036650017,0.029898994,0.19630183,0.86374795,0.28785396,0.05501339,0.3327642,0.57543117,0.27012828,0.04396147,0.7508752,0.21318214,0.45471314,0.3183643,0.16485198,0.038517125,0.4390919,0.053771336,0.0065192124,0.00023434934,0.4047556,0.10544181,0.6234259,0.25705963,0.017246172,0.0036922444
0.9408861,0.039157018,0.19468783,0.7467708,0.4954253,0.0047569196,0.024667872,0.6048711,0.28053078,0.029950142,0.08441011,0.7997751,0.058694188,0.009983349,0.011799452,0.6444956,0.020420715,0.0038549572,0.014175618,0.62644655,0.015552121,0.013111544,0.010638555,0.008451255,0.013301608,0.002883682,0.0005841467,1.5407382e-05,0.01924592,0.055755462,0.061558593,0.29564175,0.16795677,0.034654047
0.2725833,0.77684325,0.02094716,0.18090892,0.5595616,0.022746554,0.04666017,0.8778948,0.017802905,0.07154055,0.16430737,0.89806783,0.23941906,0.024048159,0.050177783,0.7270752,0.2147011,0.06021954,0.80621034,0.22692063,0.7806881,0.22624512,0.038240448,0.02736382,0.15627894,0.19491625,0.4239026,0.8380638,0.49885553,0.025993502,0.63634914,0.33164763,0.03886592,0.023874525
0.6749108,0.4030839,0.021072714,0.6362067,0.6975664,0.0030011283,0.008317748,0.95062965,0.7865618,0.2558207,0.22168565,0.43207115,0.12088861,0.031896852,0.018071173,0.890826,0.10704105,0.009970317,0.4475542,0.6361393,0.18408355,0.2619436,0.24836148,0.3653071,0.4187807,0.058984064,0.002362526,1.2579744e-05,0.13389723,0.10489959,0.22795294,0.68270767,0.25795823,0.04035743
0.6789451,0.44197315,0.006800797,0.0684957,0.8254299,0.08306184,0.11741381,0.815409,0.15170377,0.13315606,0.18026106,0.72031975,0.3757033,0.049112085,0.038148824,0.60447294,0.18186638,0.12632166,0.3264339,0.5868283,0.10854709,0.25041345,0.409923,0.12664293,0.52618194,0.005884337,0.00035105838,2.9661454e-05,0.09602718,0.060138386,0.111214735,0.62599534,0.25427005,0.026455013
0.85288227,0.15840492,0.017504776,0.06232967,0.8790088,0.08504873,0.051610235,0.67775285,0.046257418,0.070877895,0.27764225,0.8039913,0.076164044,0.06623895,0.16297756,0.4942597,0.2064401,0.06494457,0.36078244,0.35333732,0.15163946,0.19883345,0.18941952,0.07971349,0.23133306,0.025150528,0.00836402,0.00074489345,0.15683399,0.48693395,0.34701988,0.17779733,0.08149137,0.0390496
0.9508385,0.050466545,0.008308059,0.06370491,0.9094263,0.027787726,0.06137382,0.63774,0.031821325,0.012585511,0.0948512,0.905285,0.15508612,0.014165353,0.019944208,0.5108549,0.06298918,0.024415286,0.05234423,0.5868428,0.036483876,0.04610801,0.050164957,0.010794196,0.08641496,0.001230445,0.00020489843,1.4913799e-05,0.035960335,0.030946717,0.07362292,0.39560568,0.1374088,0.013244029
0.92368805,0.08451365,0.011504721,0.044838823,0.7910695,0.18835138,0.43510902,0.38879073,0.06997022,0.009990968,0.06158809,0.9182405,0.54360485,0.025916778,0.038248587,0.5200469,0.039612647,0.020671891,0.031755697,0.5785136,0.05521603,0.02473357,0.019779958,0.00435938,0.035607465,0.002920331,0.0031688323,0.0017622036,0.037845127,0.0059981747,0.061035395,0.44854492,0.204387,0.036243234
0.6410284,0.45363572,0.0049370434,0.024513224,0.10969608,0.8586501,0.9043714,0.1448947,0.0318468,0.005420446,0.022167912,0.957671,0.77851605,0.018720953,0.079584286,0.25500065,0.01940042,0.020619307,0.019489845,0.30062154,0.014592278,0.007652958,0.007850602,0.0003329872,0.017002214,0.0004606678,0.00024635543,0.000103928316,0.010364091,0.0017119208,0.027666483,0.23305765,0.055302855,0.0066765263
0.9684605,0.024562698,0.053906623,0.957238,0.17726544,0.0032475716,0.026952649,0.5128266,0.12410425,0.012641222,0.052721214,0.90250653,0.07094148,0.012231645,0.00782852,0.5485197,0.02315855,0.007985761,0.012335054,0.6123636,0.026818054,0.013546536,0.0050077103,0.009289189,0.013693251,0.004932449,0.0030094862,0.00025957837,0.012937725,0.013162167,0.036114655,0.40139124,0.32349846,0.08918895
0.96070325,0.034891196,0.016707735,0.11636586,0.90776736,0.010388344,0.04172753,0.67011374,0.05814367,0.009738137,0.072851814,0.89989203,0.14517309,0.0083279805,0.009497875,0.58721334,0.037292223,0.01116751,0.026324095,0.6560478,0.024472192,0.025558634,0.025056487,0.006208867,0.04554645,0.0009094103,0.00014520701,7.07433e-06,0.024784695,0.015334553,0.05562591,0.4591726,0.15323327,0.011622155
0.94135594,0.047597133,0.031913687,0.27924544,0.7640643,0.011924131,0.03449244,0.6119848,0.03227121,0.010940372,0.086975954,0.9147058,0.08345766,0.011591913,0.017781781,0.47196501,0.056642424,0.020509973,0.042400986,0.51220566,0.03552526,0.03158486,0.020478059,0.006253506,0.042976856,0.002387952,0.00066410704,4.5045585e-05,0.03158953,0.036124032,0.09390419,0.31262812,0.10679576,0.015344642
0.89827806,0.09277373,0.047206014,0.6424853,0.6431929,0.0059787543,0.027158855,0.74087095,0.13739851,0.029486747,0.11258276,0.8471262,0.119459845,0.022739703,0.017835978,0.63809985,0.078515716,0.024525078,0.10388683,0.5393949,0.11481631,0.0647624,0.02714318,0.025451548,0.07102805,0.023563467,0.016076287,0.0020079538,0.060249995,0.029892806,0.14513485,0.47627205,0.22298001,0.061438967
0.93036747,0.07263274,0.011095932,0.060289778,0.9119668,0.05355516,0.1077292,0.577466,0.02492644,0.013448801,0.12133235,0.9201289,0.2188575,0.036378536,0.048585907,0.4493247,0.124583945,0.07239455,0.12924999,0.45251623,0.12524985,0.08080711,0.046272792,0.012912247,0.099967875,0.011986923,0.01852246,0.0085936515,0.069998436,0.035559945,0.16176762,0.36401066,0.16134553,0.047229595
0.21486174,0.8381595,0.027636528,0.6092981,0.3970866,0.009738486,0.021457447,0.92530775,0.043069266,0.09989259,0.17489812,0.83445936,0.20244636,0.039844602,0.024617592,0.45810995,0.49195212,0.5464232,0.8112715,0.27536622,0.42456096,0.4829668,0.2520826,0.06894713,0.7002766,0.09621366,0.022267016,0.0036113397,0.17441899,0.030214166,0.38047245,0.6673189,0.11677956,0.017062359
0.58586884,0.44918376,0.043823883,0.042830113,0.34762904,0.8180164,0.5649407,0.30901876,0.09338654,0.09063488,0.20946936,0.7786909,0.28017,0.108925864,0.47842148,0.348713,0.13436422,0.058749724,0.19437516,0.29379302,0.0674988,0.103513844,0.16816248,0.028625203,0.14624709,0.009616671,0.0013397194,0.00010068059,0.12915827,0.4163388,0.2516954,0.115780465,0.049219478,0.021279156
0.9445617,0.048302937,0.05231662,0.94442874,0.17417529,0.006089641,0.044308815,0.51602846,0.07128385,0.022081748,0.06924662,0.9087002,0.10764676,0.020452786,0.011978495,0.53029674,0.041499346,0.022387024,0.029342094,0.5723493,0.073121205,0.02553262,0.008035772,0.016699025,0.021925434,0.012006886,0.017463312,0.010909395,0.028887022,0.01532788,0.05542822,0.41199908,0.3641088,0.15759447
0.403576,0.67557883,0.011270451,0.6594393,0.42357543,0.0039496887,0.010536595,0.95729274,0.37465242,0.06842747,0.14282101,0.71036947,0.18502897,0.016130269,0.02067186,0.8863874,0.14022256,0.009269405,0.7007076,0.45210224,0.51679075,0.2800217,0.0831532,0.111535616,0.39379957,0.11920955,0.008175037,9.8943994e-05,0.306406,0.015431077,0.4683365,0.69601476,0.07153667,0.0071922867
0.97037876,0.02719221,0.019761877,0.83331233,0.41768366,0.0048120716,0.023212764,0.5606717,0.031723686,0.02002709,0.081315085,0.9156721,0.057530023,0.015889615,0.010163947,0.47348505,0.045731157,0.025258932,0.027952285,0.5861612,0.03940024,0.029422758,0.015998026,0.020516163,0.03347954,0.003307098,0.0019194065,0.0005441152,0.020675682,0.03688876,0.042867046,0.34109148,0.31387383,0.09395334
0.15193585,0.91268754,0.0034071153,0.8275638,0.16118778,0.0015102567,0.0033529066,0.98093516,0.09333566,0.10879715,0.1380192,0.78825766,0.10627717,0.009891744,0.011189347,0.85969096,0.22572279,0.024859702,0.9160963,0.28698036,0.69496596,0.44120163,0.11039913,0.14751792,0.6045435,0.122030005,0.00560241,0.00017941845,0.35838875,0.014652092,0.5297753,0.6538549,0.038394373,0.0036381155
0.97372615,0.022364968,0.015926557,0.12478368,0.9082098,0.010179791,0.043665215,0.6013967,0.047642007,0.0073665786,0.06700358,0.9166079,0.12720641,0.008798783,0.009971984,0.54964954,0.032089397,0.010175525,0.01941019,0.6341199,0.021683708,0.019207701,0.016357198,0.0045894417,0.029347962,0.0010071457,0.00032138842,2.2754859e-05,0.01908155,0.01567558,0.05020314,0.39794514,0.16473228,0.017486146
0.87084043,0.11777321,0.018066587,0.8792764,0.23282602,0.003687152,0.017192679,0.7000399,0.0068665184,0.0047674766,0.051003378,0.9639435,0.080127954,0.008570092,0.0066555734,0.26502693,0.13443428,0.15939368,0.08190668,0.40800163,0.05448173,0.059235506,0.017668828,0.004403189,0.12824187,0.0028698999,0.0005019057,3.0044534e-05,0.02087285,0.0058191707,0.07324487,0.53914964,0.12238279,0.008105875
0.9677145,0.027584843,0.023004716,0.5311714,0.69207674,0.005896248,0.03962317,0.58313507,0.061284997,0.0081563685,0.05832624,0.92336303,0.12889542,0.011564235,0.008719772,0.5493449,0.034041055,0.013318404,0.022402402,0.5984132,0.038884502,0.019660039,0.008780971,0.0057418942,0.023146046,0.0037270836,0.003432978,0.0005779672,0.019221203,0.009172899,0.052273646,0.44427055,0.24650185,0.04803544
0.83933604,0.1944719,0.009217675,0.033860277,0.6284987,0.54624915,0.5326821,0.37293807,0.122541405,0.019758847,0.10565632,0.8639241,0.4902157,0.05730952,0.18426561,0.5228876,0.06699513,0.018484004,0.09704781,0.44376683,0.08700013,0.05680543,0.052243795,0.012829425,0.08427334,0.008435872,0.0032792015,0.00034117253,0.08417223,0.035089508,0.14978713,0.3010757,0.10222495,0.024281457
0.10413212,0.9538191,0.0022691751,0.018287199,0.7671008,0.074189745,0.05146699,0.95256585,0.21869712,0.15431376,0.173519,0.65844846,0.37161547,0.039150793,0.050087366,0.5864633,0.35901144,0.21719714,0.89240104,0.21932542,0.17803991,0.5102426,0.5999754,0.062437776,0.85674876,0.02595282,0.0007410622,4.472757e-06,0.094506264,0.05138423,0.33600813,0.5969461,0.044688594,0.0030153422
0.42051056,0.6159133,0.012939035,0.43645665,0.44707316,0.00911464,0.008557974,0.91802144,0.025287582,0.04748118,0.20816877,0.8670776,0.056704164,0.017981242,0.07138924,0.7585229,0.2332884,0.01931746,0.82919693,0.22203572,0.6875128,0.30204222,0.05605552,0.06370032,0.2658366,0.15537056,0.040222496,0.004168993,0.51314616,0.10916579,0.7336876,0.26269093,0.017238721,0.0058573666
0.90779525,0.0836887,0.03770639,0.04784187,0.3817147,0.6472937,0.53974277,0.14267497,0.06467645,0.01662055,0.08387478,0.8878236,0.18772635,0.03796074,0.20314737,0.24853668,0.029328277,0.013876587,0.014446997,0.3511497,0.006980434,0.012031891,0.023650473,0.0024667075,0.016991897,0.0008306329,0.00020572926,8.76714e-06,0.014232891,0.16719663,0.057440903,0.07588366,0.05833427,0.019055463
0.20040345,0.8701706,0.019293731,0.061649986,0.74553657,0.062859364,0.0467521,0.9262945,0.29420155,0.3461815,0.28114122,0.53715277,0.23024952,0.050066646,0.07347644,0.69289935,0.28429136,0.10868824,0.7800414,0.36049673,0.2089778,0.43588388,0.5694976,0.17781462,0.68989414,0.030432023,0.0009763323,2.2133521e-05,0.21209568,0.23293334,0.3759184,0.47266528,0.07209864,0.010004768
0.75475204,0.2978576,0.011089455,0.031405646,0.35543093,0.697734,0.7959004,0.24390888,0.077273585,0.011983367,0.04706221,0.9168876,0.7140922,0.030836966,0.088569865,0.38918215,0.03441012,0.024285356,0.03206129,0.44408295,0.031114586,0.019154638,0.02196409,0.002007564,0.03716823,0.0014397796,0.0006207405,0.00018956787,0.028003095,0.005353659,0.050630238,0.34091756,0.10682123,0.014652263
0.9482208,0.04458509,0.021650909,0.63620687,0.6562215,0.0031649831,0.0072529656,0.75481087,0.04950712,0.026111087,0.13751303,0.86925787,0.025060786,0.013406521,0.021521356,0.6541232,0.059013344,0.0074275457,0.10533807,0.4742942,0.08881566,0.053821944,0.022353603,0.033361375,0.04777129,0.010846847,0.0031875463,0.0001646817,0.065748125,0.14309151,0.17902789,0.22110143,0.098708086,0.031577744
0.9707581,0.025330605,0.008045295,0.057142146,0.85158527,0.038281497,0.069910645,0.4530658,0.018762019,0.003987565,0.06516466,0.9457668,0.09525942,0.00960628,0.030940179,0.46462113,0.030088164,0.00600466,0.025938762,0.44858137,0.025198651,0.015549035,0.009694774,0.0022618189,0.018632745,0.001186424,0.0005298743,3.256391e-05,0.023585465,0.030532133,0.0864178,0.17946973,0.05716824,0.009643461
0.71528924,0.35449916,0.011758267,0.032637607,0.2538362,0.90475416,0.8361615,0.16013858,0.04642664,0.027582213,0.09865189,0.9002453,0.5525743,0.10937935,0.3654949,0.23455827,0.08879469,0.08923596,0.087057404,0.277259,0.04971221,0.048284672,0.060279027,0.0068265954,0.07513214,0.0059488406,0.0047390335,0.0019673149,0.045789085,0.06726575,0.104697436,0.15442815,0.09351866,0.04249127
0.93281835,0.07760014,0.005209274,0.035695124,0.9571771,0.034720015,0.05982508,0.75068504,0.05339641,0.017979693,0.14543724,0.8725876,0.21247594,0.026293324,0.039416466,0.6509979,0.11366066,0.026544733,0.17951353,0.5708462,0.14506161,0.120104216,0.09300691,0.033687934,0.18656012,0.007894882,0.0021648325,0.00019153484,0.11517715,0.040189307,0.18738043,0.4768609,0.13990217,0.019110681
0.9606832,0.035204504,0.017975584,0.06551886,0.9284914,0.018673077,0.07374255,0.6426546,0.15443687,0.009783474,0.07303084,0.8711111,0.22346671,0.010312115,0.015192966,0.70998806,0.025592877,0.0038935721,0.025715739,0.6671756,0.034148112,0.020616801,0.017404068,0.0058997907,0.028871665,0.0019942543,0.00057938776,2.7492451e-05,0.034175776,0.01247141,0.07541795,0.4503972,0.14660646,0.015486672
0.14440064,0.90730304,0.008176947,0.19589163,0.5555699,0.014674283,0.0140315825,0.95351756,0.035939347,0.10211008,0.19799457,0.8121227,0.14470553,0.025471775,0.038056165,0.56348455,0.45150825,0.26128307,0.90829515,0.20313786,0.43961182,0.52649164,0.325569,0.06680636,0.75506747,0.061124906,0.00415714,0.00016264705,0.24419412,0.06355818,0.53296494,0.5130815,0.032459013,0.0036131006
0.9401027,0.06401642,0.0042559286,0.021434149,0.5669989,0.5807423,0.38623646,0.19089718,0.014625644,0.0051228683,0.078379445,0.94560486,0.15395051,0.032909025,0.22714011,0.24550502,0.04641138,0.014782399,0.038879912,0.2624012,0.019463092,0.021259706,0.020407114,0.0023649503,0.030233877,0.0014488526,0.0005557898,2.2976295e-05,0.022841312,0.10750768,0.10295675,0.07468348,0.033365358,0.010330386
0.015163292,0.99487513,0.0006565392,0.07345948,0.34563345,0.009408927,0.007471396,0.98732215,0.06221374,0.068986654,0.09207236,0.81227183,0.21246815,0.012549937,0.014122619,0.43873912,0.51999485,0.45533088,0.9805304,0.063545,0.22313508,0.623423,0.45649496,0.014230383,0.93993175,0.039747633,0.0007033659,9.3884506e-07,0.04439984,0.010511937,0.44117808,0.6368763,0.010305894,0.000366825
0.10403803,0.9437712,0.0049363268,0.049966488,0.52923477,0.10364521,0.06209969,0.92569363,0.17289968,0.11068834,0.19218552,0.7266984,0.30623326,0.047209416,0.130793,0.6764521,0.32041764,0.07758449,0.9194095,0.15694065,0.475685,0.45169312,0.2694709,0.054442775,0.65293854,0.15438399,0.022248339,0.00046682026,0.27174035,0.06707102,0.6296657,0.40673947,0.022573087,0.004726807
0.94364345,0.049293783,0.014666838,0.89729124,0.19285023,0.0035389268,0.017060528,0.636015,0.035914566,0.005560802,0.04814101,0.9416799,0.06015028,0.007195665,0.009443027,0.54937416,0.03417078,0.007077447,0.03743584,0.4775818,0.053949464,0.021632418,0.005032495,0.0057989187,0.025576709,0.0046066437,0.0013247915,5.4380875e-05,0.02435847,0.008894646,0.07688884,0.36634266,0.11147192,0.016019711
0.3273728,0.7532372,0.009000524,0.1342159,0.7380319,0.016089085,0.025687475,0.938487,0.18197286,0.060533345,0.16714934,0.77039826,0.25200027,0.026049657,0.04552962,0.79957736,0.21709213,0.03031085,0.803206,0.3056391,0.5379306,0.32297388,0.11783641,0.054111864,0.4308821,0.14404228,0.03678857,0.0016181082,0.3072501,0.026192762,0.56904393,0.558977,0.04641058,0.007972125
0.12149799,0.9112736,0.015539292,0.18216029,0.439955,0.023205563,0.026660146,0.93434113,0.061738923,0.0693174,0.17826883,0.8379405,0.19852766,0.024194043,0.083929695,0.77958786,0.26303852,0.032851245,0.9236126,0.14857891,0.79269624,0.33881187,0.057900373,0.031295564,0.31051356,0.37052515,0.297058,0.09742452,0.5314441,0.036181267,0.79867285,0.3374939,0.014697659,0.00631012
0.09952601,0.9296238,0.0140350275,0.08799549,0.32910278,0.09060097,0.08295683,0.8681856,0.015320921,0.06516197,0.1604364,0.901414,0.27300102,0.024162494,0.12622133,0.7057088,0.23278338,0.04249298,0.9062271,0.12222094,0.8195725,0.25326085,0.038977634,0.016198942,0.1865854,0.23365471,0.32413453,0.5639436,0.5988882,0.03362192,0.7809457,0.21294022,0.010448739,0.00667867
0.97411424,0.023104556,0.009749262,0.031285036,0.7939628,0.13836247,0.31623068,0.24761009,0.027164526,0.0026378375,0.034555275,0.9542153,0.27970156,0.008892342,0.021665856,0.34066916,0.015666422,0.008043427,0.005284942,0.54982483,0.006058283,0.0057863165,0.007182864,0.00062197115,0.010490448,0.00018967816,7.202629e-05,5.9235103e-06,0.0068347673,0.0070606996,0.022397468,0.25007498,0.10356546,0.009440441
0.9708825,0.027124833,0.01937714,0.13025434,0.9106925,0.012670144,0.07427726,0.6006517,0.14686948,0.012510748,0.06473191,0.87406754,0.2270866,0.012380029,0.008497371,0.6046764,0.027276896,0.010935425,0.015271078,0.7070051,0.018145828,0.018814428,0.021695556,0.006623062,0.03223737,0.0012363967,0.0004848114,4.00721e-05,0.0145326685,0.010462573,0.033296842,0.5228709,0.30383715,0.036932297
0.11493025,0.9350953,0.002656021,0.040154263,0.6723384,0.03515623,0.028961547,0.9597344,0.12567937,0.0439512,0.14880505,0.80047697,0.30397806,0.0200481,0.0705266,0.7956926,0.2709306,0.027550686,0.9369432,0.16748905,0.63964236,0.42181084,0.14203575,0.030101076,0.605124,0.1638702,0.020747226,0.00029711623,0.37601918,0.018505542,0.7278971,0.50367343,0.012216675,0.0014961603
0.91486245,0.0834992,0.031401176,0.7940207,0.45034736,0.006313736,0.030737555,0.7468721,0.42947176,0.028161548,0.09181448,0.7815677,0.14752854,0.021256378,0.017253568,0.75709337,0.04348711,0.006160339,0.06777265,0.62209725,0.08398397,0.049440697,0.022168718,0.03568618,0.06315353,0.021729989,0.0056322673,0.00011602174,0.047126085,0.018674942,0.10842822,0.5611086,0.2607117,0.052388504
0.89843583,0.10886792,0.016348714,0.33206028,0.807088,0.0091962265,0.046772014,0.80676323,0.16857944,0.026102819,0.10199239,0.83962774,0.28000185,0.016250264,0.013658922,0.8012627,0.06060662,0.0103040105,0.11610227,0.6868119,0.19198205,0.07481688,0.035555843,0.036365032,0.09728773,0.012932203,0.0039476953,0.00063891645,0.122568645,0.008955691,0.14022678,0.66231036,0.23524788,0.030390128
0.9127249,0.10610953,0.0069052964,0.03708182,0.9126379,0.08694943,0.20460702,0.62282896,0.059587646,0.017383898,0.0968732,0.88961047,0.44863376,0.027453313,0.02915235,0.5627013,0.086001895,0.047375266,0.084574826,0.62905335,0.08378073,0.074156515,0.07747787,0.016563442,0.14484881,0.0031335605,0.0010307997,0.00025420365,0.063499816,0.011670552,0.08313079,0.5825241,0.22939104,0.02469268
0.972122,0.01933107,0.054196995,0.2558119,0.7656236,0.017934067,0.032975752,0.42587334,0.020602679,0.016613077,0.11610054,0.9115476,0.03160853,0.014900855,0.03440132,0.4000363,0.039609075,0.012660508,0.022672553,0.4634122,0.020182246,0.018308163,0.015298263,0.0068396144,0.0154665075,0.0018181838,0.0010129875,0.00014530022,0.025483059,0.21195138,0.08816514,0.10828183,0.0934214,0.03662059
0.7869354,0.18484133,0.18839078,0.4935934,0.5996399,0.03121042,0.07137006,0.66651297,0.2676167,0.09599705,0.18581033,0.7211662,0.15133731,0.04682634,0.05506874,0.59164876,0.10959777,0.04340691,0.123530015,0.5349907,0.091730915,0.091315575,0.07936805,0.04691575,0.1045317,0.025561508,0.0082161445,0.00077729044,0.0956757,0.1358617,0.19171281,0.38712883,0.20047152,0.066664405
0.94290364,0.06031533,0.008212691,0.030379545,0.8412798,0.19649568,0.23632899,0.3800894,0.032179315,0.01007566,0.094185695,0.9187984,0.22883765,0.03176523,0.08026862,0.38623995,0.062516,0.027618157,0.050722342,0.43561488,0.038005862,0.036306918,0.035192493,0.0060344087,0.053329054,0.0027454959,0.0016424238,0.0002113817,0.034127545,0.04859249,0.09543528,0.22738388,0.10481893,0.024321465
0.9714587,0.020511942,0.027434414,0.9429655,0.1683895,0.0015678082,0.012192036,0.5665987,0.03580816,0.0035567516,0.03255852,0.95001674,0.039781462,0.003599472,0.003972949,0.50614524,0.016451579,0.003850978,0.009083016,0.5600476,0.015347943,0.007896996,0.0023475785,0.002305609,0.009871659,0.001024241,0.00019263646,4.6478976e-06,0.00878135,0.0061538317,0.032810632,0.34733486,0.12722817,0.01252493
0.97333115,0.02309525,0.010800572,0.046043474,0.91406196,0.027870955,0.09256731,0.4998589,0.03851376,0.0041197464,0.053692017,0.9354643,0.18385373,0.007925256,0.014867798,0.5343072,0.023863036,0.0060853786,0.015364787,0.5932566,0.019252058,0.01288935,0.010534099,0.0019891588,0.019091014,0.00070533267,0.0002691266,1.9450968e-05,0.018450672,0.0102294125,0.052084547,0.33414897,0.10658927,0.010458377
0.12184456,0.93337846,0.004806853,0.09276894,0.66753626,0.015391883,0.011630318,0.96920466,0.096900634,0.19657709,0.22038352,0.68681806,0.14296728,0.022376262,0.03347195,0.67447424,0.36758706,0.13821742,0.91350883,0.24172397,0.3076758,0.53886926,0.5046249,0.1160224,0.8113484,0.030682402,0.00059875526,6.9106454e-06,0.20601037,0.10631792,0.46268028,0.5163364,0.03150165,0.002503219
0.9817277,0.014329397,0.008587685,0.19159861,0.8746944,0.004873981,0.015351214,0.600121,0.01446882,0.00306862,0.06353077,0.9536154,0.042264454,0.0066279736,0.012849357,0.49469522,0.034075692,0.006391212,0.029624596,0.45591262,0.03170572,0.01727975,0.0065641217,0.002685752,0.018350895,0.0020160752,0.0013268401,7.017131e-05,0.019875716,0.025948256,0.0927938,0.2168404,0.071755126,0.012796036
0.4145496,0.6334471,0.10567407,0.17357802,0.641297,0.06305511,0.052028637,0.83712023,0.4098641,0.51832384,0.32885638,0.4455217,0.11847307,0.057314593,0.087858364,0.6890295,0.15248819,0.048300605,0.4143175,0.4763704,0.08998665,0.22660147,0.44197556,0.22584136,0.3371366,0.01580014,0.0006413706,2.8558658e-05,0.16035596,0.5911452,0.24955043,0.28344527,0.11964132,0.034867555
0.67115664,0.39668998,0.004519906,0.0222924,0.14248653,0.9527204,0.77769107,0.14843962,0.016620567,0.010587729,0.10353712,0.9348478,0.34379265,0.083233856,0.6534581,0.2304378,0.096231595,0.029577797,0.17386383,0.14855707,0.081179425,0.05473341,0.03842718,0.004452066,0.07299974,0.007741957,0.0025266202,0.00018107177,0.09364684,0.13988425,0.2699616,0.06114729,0.015632037,0.0076051494
0.90909857,0.086020306,0.03166933,0.07028075,0.90391636,0.03584169,0.13390337,0.65738755,0.124196306,0.019255212,0.09224099,0.8610787,0.36100152,0.015688606,0.020190006,0.6977955,0.046267435,0.012216806,0.050632402,0.67339176,0.07663432,0.038451873,0.032173395,0.010256629,0.052988894,0.0035948663,0.001273395,0.00027251316,0.07565733,0.01139322,0.102889895,0.5376862,0.17723937,0.020554276
0.98727757,0.011410892,0.0037461147,0.03672619,0.9435006,0.02016231,0.032830156,0.49380878,0.009273119,0.0039000819,0.07614967,0.94978094,0.050333627,0.0089836065,0.02109331,0.38597926,0.037308626,0.010604715,0.022092342,0.4891035,0.013914178,0.019207457,0.018804392,0.0034814863,0.029762909,0.00046382687,0.00012816697,5.1381908e-06,0.014205688,0.062300947,0.056988087,0.17121774,0.07636593,0.010299644
0.57407284,0.31480047,0.55121386,0.4302134,0.5271245,0.01692616,0.021372074,0.7446203,0.07637717,0.20334437,0.2578845,0.71067566,0.03349743,0.0152844,0.05372738,0.6165883,0.089493394,0.01880284,0.16019782,0.44051892,0.075404674,0.066536054,0.0716092,0.031657327,0.052393936,0.0066974903,0.0005049413,6.9105554e-05,0.19747841,0.5546657,0.33440578,0.1283698,0.036607083,0.012067716
0.9554723,0.041017506,0.029980335,0.8093736,0.44057226,0.0047336924,0.026139911,0.6629661,0.19737121,0.025671668,0.07658548,0.83708954,0.09379045,0.013173209,0.009072665,0.6577455,0.029700857,0.0073972214,0.0242519,0.67491263,0.029951636,0.026423108,0.018726004,0.023276586,0.037437413,0.0033173314,0.00057033176,2.1883987e-05,0.02159868,0.023116512,0.044207055,0.4754592,0.30028108,0.049793188
0.9757637,0.023991762,0.010181857,0.051271975,0.9304726,0.031448867,0.08702986,0.5250506,0.07563241,0.013626859,0.08181758,0.8819229,0.1640086,0.015321496,0.017319944,0.5219942,0.031818077,0.012305926,0.018092535,0.6495058,0.014251108,0.021875544,0.03516024,0.00811561,0.03908326,0.00073437195,0.00019469597,1.2841403e-05,0.015309703,0.034242913,0.036936477,0.3518968,0.21663073,0.028832735
0.5643159,0.5433548,0.008903654,0.22489452,0.74388677,0.019888915,0.08132115,0.8646944,0.03496202,0.043794632,0.105955265,0.88635534,0.49397615,0.0286226,0.0108272135,0.48923323,0.28747073,0.4318602,0.41019678,0.534519,0.23732921,0.2722272,0.2022865,0.03792761,0.5546441,0.011005181,0.0026583273,0.0014584402,0.09489328,0.0047747307,0.118493125,0.8172757,0.29110262,0.021626385
0.87750113,0.14531982,0.0064893826,0.025788458,0.5485092,0.5888145,0.6543675,0.26268068,0.036914583,0.0070718834,0.05362775,0.9332934,0.56425565,0.02566304,0.08313572,0.35315895,0.042743906,0.025812278,0.028648794,0.48455644,0.025833769,0.02350502,0.02933768,0.0025603946,0.052344415,0.0007577004,0.00015412497,1.8796112e-05,0.028737508,0.008750035,0.05138231,0.3326467,0.09467856,0.0087983785
0.6032828,0.5130173,0.0051386505,0.021105792,0.50469637,0.7336873,0.7418055,0.45357105,0.070793755,0.024804065,0.090015,0.8846653,0.7783304,0.047639467,0.14622937,0.55789346,0.09260861,0.039886016,0.1798309,0.48874328,0.1749028,0.093131535,0.08973151,0.0144234905,0.18419059,0.005106442,0.0009093311,0.00032190973,0.16534695,0.008225985,0.14619075,0.49898967,0.09795938,0.010265773
0.85344315,0.14802642,0.035360456,0.8034642,0.46422186,0.0060610115,0.013817472,0.8237222,0.204119,0.08281976,0.19131768,0.74553925,0.06461589,0.031191392,0.035980955,0.75960076,0.103212,0.013446251,0.2519261,0.53392893,0.22612436,0.14068025,0.062975645,0.14464569,0.1416516,0.051517412,0.0105240755,0.00054176187,0.16185568,0.13231836,0.26221055,0.40538114,0.17357244,0.057503976
0.9813402,0.013728515,0.020993697,0.88577086,0.2762189,0.0025063537,0.016267974,0.46931428,0.013390908,0.0037519848,0.037113175,0.9613222,0.036428742,0.00490991,0.004570587,0.35681883,0.022283895,0.011440206,0.007711561,0.54558736,0.011245891,0.008625332,0.003611158,0.0023275553,0.011409768,0.0005972696,0.00018833933,1.3095922e-05,0.0064600185,0.010880383,0.023749076,0.28841138,0.16650918,0.021201963
0.94329995,0.043397374,0.051826376,0.9634239,0.12866403,0.0020299125,0.014389233,0.6177292,0.055582594,0.010837309,0.05035718,0.9217108,0.04838895,0.0066230246,0.0059040627,0.5420592,0.027413275,0.00808283,0.01965897,0.56146485,0.03156743,0.015856378,0.0050407606,0.0069972062,0.01789214,0.002946569,0.0006794478,3.9332306e-05,0.017854568,0.012156781,0.0487992,0.38056347,0.17361778,0.026537273
0.6096396,0.49809718,0.0049656415,0.020715792,0.16096447,0.87683946,0.8960504,0.18672691,0.054983296,0.0086094,0.033031408,0.937565,0.7901259,0.029377032,0.12133365,0.31192902,0.02965293,0.02416619,0.037313703,0.32011545,0.025704488,0.015129343,0.016320985,0.0008927023,0.03394019,0.0010657583,0.00044825618,0.00012432715,0.019629102,0.0031447592,0.04510221,0.27203864,0.06259222,0.008245065
0.96402544,0.024989437,0.06649995,0.94954735,0.1956495,0.0016268813,0.013691184,0.5926171,0.090456106,0.008728856,0.044137966,0.91246665,0.04508966,0.0051123537,0.0045043714,0.56753546,0.017258184,0.004181958,0.009421432,0.6180976,0.015552663,0.009421877,0.003843411,0.0045366893,0.011028945,0.0015446933,0.0002866761,8.120712e-06,0.010841466,0.011279068,0.03449372,0.37522593,0.18261932,0.023247058
0.08718137,0.9311548,0.047675196,0.29003906,0.28917578,0.047774263,0.030067436,0.9018525,0.036104888,0.15675615,0.2714829,0.80608726,0.11560208,0.048985507,0.16619542,0.5798018,0.4418979,0.16411632,0.93612283,0.11488522,0.70693797,0.46435487,0.15132175,0.058328442,0.45814434,0.35264933,0.20352179,0.06411977,0.51259595,0.21175066,0.80461967,0.22276978,0.016056208,0.010125344
0.6471324,0.4255602,0.011713493,0.03061864,0.0796383,0.97038615,0.9226251,0.08413187,0.05901794,0.017507762,0.06915,0.9130089,0.56750107,0.09782733,0.5293656,0.20139351,0.04673495,0.031714853,0.05309395,0.18891916,0.027342126,0.021157222,0.024146264,0.002165726,0.029600352,0.004426566,0.0034603144,0.00066117104,0.02853937,0.06323319,0.09827871,0.07607002,0.043196686,0.02512902
0.92886454,0.07668866,0.010969732,0.038415026,0.8085659,0.14452015,0.33309796,0.3878419,0.035608914,0.008344561,0.0543599,0.930456,0.4167203,0.018152205,0.023695873,0.35263026,0.044342224,0.044703517,0.021175064,0.5583345,0.017676461,0.02154969,0.029041214,0.0025606917,0.04757189,0.00064865785,0.0002588636,5.4597393e-05,0.015056609,0.007989809,0.033741396,0.4205646,0.18088014,0.017891202
0.9765841,0.018586054,0.019436393,0.48012677,0.63555396,0.0070669167,0.038865756,0.4880989,0.023814961,0.004804506,0.046003047,0.9479238,0.08800767,0.006951783,0.007238155,0.43005517,0.025538892,0.011906671,0.010850879,0.5853975,0.0156167755,0.011418204,0.0066717276,0.0025630726,0.0158454,0.0007607159,0.00031877842,3.3214827e-05,0.010683048,0.010122922,0.03228543,0.34215158,0.17167197,0.021095926
0.9237853,0.07054276,0.02665649,0.5509235,0.6448655,0.0074147717,0.038712792,0.6894051,0.069274835,0.015691767,0.08399665,0.90168613,0.15398428,0.01579114,0.014314717,0.6425562,0.057246257,0.01667744,0.0726616,0.5608989,0.122122,0.043510664,0.014887401,0.013840082,0.04476901,0.012772482,0.011282525,0.00315957,0.060405727,0.012744181,0.118879214,0.47580227,0.20078927,0.04616087
0.98784864,0.009419461,0.012630051,0.08495297,0.9192559,0.012808721,0.05017184,0.44257066,0.021463173,0.003984705,0.056381024,0.94710946,0.08757614,0.0075388276,0.011826124,0.47841582,0.020342639,0.0059833867,0.009775213,0.58253396,0.014676779,0.009250901,0.0068044565,0.0020044919,0.010291876,0.00065659994,0.0005423845,7.91059e-05,0.012586561,0.019994413,0.041803923,0.2325847,0.13188203,0.022667017
0.9472992,0.055623397,0.0042797835,0.01819104,0.68610215,0.40023643,0.43129233,0.23551668,0.02349254,0.0027839905,0.046134725,0.9530666,0.30476195,0.017041625,0.08170726,0.32123345,0.028198203,0.009714732,0.019150764,0.38313147,0.015010524,0.012500366,0.011518649,0.0010082298,0.0218885,0.0006787404,0.00024995834,1.1844291e-05,0.015190449,0.0145719405,0.05772449,0.17705883,0.050946545,0.006874656
0.77438694,0.27183455,0.010331248,0.03304244,0.63418555,0.5462933,0.5631937,0.43208602,0.089440875,0.020961516,0.107612416,0.87428725,0.58778334,0.05062461,0.15758947,0.5502658,0.085742936,0.027265357,0.13049236,0.48282766,0.13638714,0.07607769,0.065073654,0.014578283,0.12031773,0.007975701,0.0022679598,0.00041469542,0.13644081,0.020765908,0.17189708,0.39721346,0.100674585,0.016598368
0.97868747,0.018612476,0.014863174,0.13571116,0.876168,0.016579552,0.08065887,0.48125762,0.045187335,0.0065145446,0.057165723,0.9298086,0.17093554,0.0112289,0.01129639,0.506837,0.026577152,0.011272768,0.0134548,0.625084,0.021054776,0.014018079,0.010800049,0.0034767832,0.0185462,0.0011883072,0.0009772344,0.00018758338,0.01479355,0.011116958,0.038314126,0.3751929,0.21931152,0.035567846
0.25175035,0.8430779,0.0014421645,0.35380837,0.4600075,0.004292245,0.0057332874,0.974663,0.13463718,0.029302608,0.1259828,0.8192845,0.14050679,0.011999766,0.028238764,0.85868907,0.21615034,0.0111763235,0.9159404,0.22730665,0.6707831,0.4077175,0.08299716,0.061299786,0.5816456,0.17808615,0.0124245575,6.08171e-05,0.33685476,0.012252847,0.6680173,0.602043,0.018724455,0.0017146334
0.68315065,0.39595687,0.0032093602,0.016484456,0.075731665,0.9760695,0.90185374,0.08894219,0.020003518,0.005892674,0.05532897,0.94964445,0.49768505,0.055675145,0.5688616,0.20280634,0.042932555,0.014988467,0.06442453,0.15533067,0.03133155,0.020019265,0.016942212,0.0012068064,0.031647287,0.002132761,0.0006438338,4.155919e-05,0.036888428,0.044193503,0.12944205,0.059908975,0.015149407,0.005165493
0.021160554,0.99128187,0.0015906987,0.14704932,0.3034362,0.011037847,0.011427224,0.977562,0.018636981,0.046422765,0.09962343,0.89151067,0.23143597,0.01871918,0.019268025,0.3311452,0.63737226,0.71378416,0.9795098,0.058804404,0.41234928,0.6411494,0.31838837,0.011540192,0.9137139,0.09857742,0.010203443,0.00014087287,0.07770411,0.008472371,0.53280395,0.623401,0.01441937,0.0009729304
0.7766963,0.26243055,0.011625808,0.042642545,0.84248024,0.20840882,0.111081176,0.6774857,0.06345848,0.0682234,0.27495885,0.79160386,0.16023685,0.08156352,0.23849067,0.5504589,0.23370966,0.061336003,0.46210098,0.36943287,0.23690219,0.26148915,0.24150643,0.09972825,0.33414167,0.032933414,0.0068121115,0.0004872648,0.25322023,0.3449784,0.40959507,0.24296793,0.07314606,0.025530502
0.95070326,0.040923882,0.034427114,0.94551253,0.12681502,0.005718571,0.03176767,0.4849934,0.028874718,0.011049055,0.05834402,0.9408351,0.06567725,0.0133494,0.012784283,0.4709004,0.0373783,0.015577687,0.02781023,0.49017707,0.0628558,0.019860126,0.0048454534,0.008678733,0.016604044,0.007387439,0.0077739093,0.002814423,0.025974324,0.015908772,0.06284493,0.30366495,0.2096959,0.07325002
0.95694065,0.043062348,0.013796416,0.061497174,0.906292,0.043501675,0.1803277,0.49497357,0.040104784,0.008572041,0.062210035,0.92716193,0.35892966,0.017106472,0.013764855,0.43717533,0.049761992,0.04515384,0.02294347,0.6361312,0.028459057,0.026283823,0.027169056,0.004187679,0.04873985,0.001203259,0.0008537308,0.0002993471,0.01955465,0.006899364,0.038645346,0.52182996,0.27153254,0.03238874
0.7771922,0.23366633,0.05628878,0.04990412,0.65520984,0.36069658,0.33886948,0.45405304,0.36770236,0.08082282,0.14907002,0.6872006,0.29027936,0.051671904,0.13837385,0.53024745,0.05467355,0.016860178,0.06307101,0.49875984,0.022850456,0.047902226,0.11302126,0.02050348,0.08366611,0.0036924672,0.00036939853,8.598217e-06,0.04503778,0.176163,0.10690602,0.24047746,0.112981126,0.02477282
0.92834663,0.06041767,0.035223864,0.8604422,0.37126204,0.0034144027,0.019571105,0.6768854,0.047225855,0.011157868,0.0711042,0.9220791,0.0803578,0.01274979,0.010755093,0.5401862,0.0606604,0.021915575,0.059337385,0.5021194,0.0864426,0.037603326,0.009919462,0.010302931,0.040468924,0.0116425855,0.007861153,0.0010224286,0.036715977,0.013460434,0.1026328,0.43814105,0.18188429,0.03938117
0.5167983,0.6009116,0.010244269,0.04484521,0.37199804,0.6708673,0.7553538,0.38177472,0.048851654,0.04259514,0.09349363,0.90171105,0.7521309,0.0825337,0.14726397,0.42613375,0.1189463,0.13058835,0.23418543,0.34228945,0.23581931,0.08853446,0.057850324,0.011480025,0.11698566,0.021908691,0.05149466,0.20450667,0.11791615,0.011022528,0.1509056,0.3846286,0.15691163,0.06513994
0.99228066,0.005816733,0.007808319,0.065611534,0.89924663,0.01700462,0.052117918,0.33598423,0.012537616,0.0020959994,0.0432978,0.96211374,0.060031947,0.005672172,0.0125316605,0.3792413,0.013990201,0.0040340503,0.005192419,0.52697027,0.0063013183,0.0051500034,0.004251699,0.0008812996,0.0061468775,0.0002485704,0.00016311795,1.1621609e-05,0.006041933,0.022787964,0.028677186,0.14892372,0.090739444,0.014241291
0.91614276,0.09598834,0.014881155,0.05695465,0.9452093,0.048132095,0.11025142,0.69807965,0.13473046,0.045775667,0.1722535,0.8107538,0.30338132,0.051465057,0.04890886,0.6714969,0.1129412,0.03986472,0.16637877,0.6005638,0.17380483,0.11996133,0.10161623,0.055285145,0.14782767,0.021613311,0.020382393,0.0078075877,0.120278925,0.05219612,0.17335476,0.4960685,0.2777127,0.08814128
0.41487515,0.6388537,0.11272233,0.1555206,0.6620438,0.14816445,0.15121067,0.78334326,0.48128313,0.41741064,0.3165761,0.48645595,0.30017668,0.103801325,0.13379173,0.6818358,0.20442382,0.08864738,0.4447845,0.50882137,0.17981002,0.28144392,0.4252133,0.22536466,0.39369065,0.04550035,0.005235185,0.0005585081,0.23320226,0.33301818,0.29371193,0.42980203,0.19228815,0.06408568
0.9913741,0.0061084116,0.007948692,0.05429123,0.9158726,0.012620998,0.03361805,0.3926248,0.009502986,0.0016496362,0.0449473,0.96498734,0.04378692,0.0041171885,0.012666124,0.40893272,0.014429802,0.0027852606,0.0066595217,0.4967976,0.0073341043,0.005386853,0.0037985493,0.00072681956,0.0061888625,0.00023836415,0.000105361825,4.384519e-06,0.008026013,0.026071642,0.04161151,0.13050663,0.05288055,0.0069838595
0.9707081,0.019079003,0.059325844,0.94575995,0.19842024,0.0015171655,0.012733956,0.53462696,0.028726438,0.004926915,0.038264904,0.94834465,0.03589412,0.004175412,0.0039920243,0.44811425,0.019722497,0.0070985653,0.008127856,0.56754875,0.014152227,0.008044233,0.0027474589,0.0023635523,0.0091327755,0.0010203511,0.0002742598,1.4207478e-05,0.008973437,0.009522948,0.032246884,0.32322186,0.15057023,0.018705256
0.32670423,0.7259472,0.01785046,0.50078,0.42073342,0.010996491,0.015630936,0.92343,0.08918335,0.07347315,0.20405793,0.81214166,0.1254396,0.030849414,0.07045068,0.79398793,0.24833725,0.028128926,0.8527804,0.24165978,0.7464249,0.34365457,0.065189704,0.084592156,0.3097658,0.35506278,0.22306193,0.04133546,0.48964334,0.059376772,0.7166814,0.3960366,0.03712461,0.015757138
0.9348879,0.058683284,0.07191346,0.7911457,0.4858721,0.006128718,0.034292012,0.7022464,0.7596924,0.04670266,0.09052356,0.6570124,0.13189153,0.021868989,0.014712181,0.7690686,0.023896698,0.0032987641,0.026165223,0.6865461,0.024948992,0.026911385,0.023262009,0.03225931,0.03731696,0.011183293,0.0019820924,1.4435864e-05,0.019663734,0.032987993,0.05910426,0.5222492,0.34323716,0.07682425
0.99085546,0.0074606333,0.0040748375,0.05106441,0.95285505,0.008498387,0.020500325,0.538741,0.012776269,0.0024404794,0.065195255,0.9550294,0.043321658,0.006475928,0.016009483,0.5125914,0.024864592,0.0035321466,0.020105407,0.4902642,0.021517465,0.01324712,0.007117947,0.0024051608,0.01421917,0.0009728016,0.0006220278,2.9349805e-05,0.016886512,0.036120333,0.076651394,0.16943963,0.066851966,0.011865648
0.94445044,0.054434318,0.042246092,0.26726195,0.8156784,0.013442747,0.059855327,0.6784725,0.6172324,0.050970707,0.09356685,0.6736343,0.18596923,0.018859653,0.012947162,0.7233419,0.02311774,0.005156129,0.019785816,0.7274608,0.013014822,0.024477106,0.046015374,0.023115274,0.045270924,0.0023019516,0.0002789866,3.6494052e-06,0.014926641,0.037935875,0.03716255,0.5053855,0.33761495,0.050507884
0.94685274,0.04261364,0.034027405,0.90813565,0.21750844,0.003958993,0.020972218,0.59695876,0.07306159,0.008478555,0.057523288,0.9200987,0.062926605,0.010230127,0.012252997,0.5766843,0.031942066,0.006462835,0.031681582,0.49709746,0.053822674,0.019836433,0.00491671,0.007131402,0.018959397,0.008404461,0.0043483954,0.00023941416,0.025772756,0.014099156,0.08445657,0.3430506,0.14586547,0.03344326
0.89578766,0.0936041,0.03453791,0.92574114,0.1619611,0.0057231276,0.03326553,0.61444694,0.025637781,0.0103183985,0.05585406,0.9394402,0.11210007,0.012382158,0.008441443,0.38171852,0.07685547,0.06739339,0.045598798,0.514081,0.05455388,0.03986365,0.01383513,0.008214746,0.06511595,0.0042291973,0.0012071403,0.00015541405,0.023914795,0.007390767,0.056892067,0.5272425,0.21759817,0.02653131
